id;start_date;end_date;language
1;2023-11-09T09:29:48;2023-11-09T04:01:28;FRENCH
2;2023-11-08T15:08:29;2023-11-09T08:56:57;FRENCH
3;2023-11-09T01:56:13;2023-11-09T05:50:30;ENGLISH
4;2023-11-09T04:37:50;2023-11-08T23:09:21;SPANISH
5;2023-11-09T10:35:30;2023-11-08T18:17:21;ENGLISH
6;2023-11-09T02:11:52;2023-11-09T03:00:40;SPANISH
7;2023-11-08T19:41:02;2023-11-09T05:44:59;FRENCH
8;2023-11-09T05:34:19;2023-11-09T00:36:53;FRENCH
9;2023-11-08T17:09:30;2023-11-08T21:44:47;ENGLISH
10;2023-11-08T13:27:50;2023-11-08T11:14:30;SPANISH
